Epoch,train loss,train acc,val loss,val acc
1,5.020439386367798,0.02814094387755102,4.340607643127441,0.0
2,4.437201897303264,0.016927083333333332,4.164246559143066,0.012987012987012988
3,4.241863648096721,0.006510416666666667,4.011429786682129,0.012987012987012988
4,4.117207129796346,0.022932610544217687,4.028850078582764,0.03896103896103896
5,4.059772650400798,0.031542304421768703,4.140530109405518,0.0
6,4.028974016507466,0.039354804421768703,4.003459930419922,0.0
7,4.036832253138225,0.022932610544217687,4.1073832511901855,0.012987012987012988
8,4.0228095054626465,0.03284438775510204,3.9536678791046143,0.03896103896103896
9,3.9831480582555137,0.04065688775510204,3.9227850437164307,0.03896103896103896
10,3.983195145924886,0.037547831632653066,4.0415825843811035,0.025974025974025976
11,3.946411609649658,0.033349277210884355,3.9594995975494385,0.0
12,3.986578901608785,0.029443027210884352,3.9731953144073486,0.03896103896103896
13,3.9100691874821982,0.03675063775510204,4.0220112800598145,0.0
14,3.9564568599065146,0.021630527210884352,3.9048197269439697,0.025974025974025976
15,3.9419246514638266,0.02893813775510204,3.909456729888916,0.0
16,3.91579536596934,0.0234375,3.9717767238616943,0.025974025974025976
17,3.9263517459233603,0.042756164965986394,3.9317610263824463,0.0
18,3.9103447993596396,0.04065688775510204,3.9429056644439697,0.025974025974025976
19,3.916652242342631,0.04065688775510204,3.8823788166046143,0.0
20,3.889360189437866,0.043553358843537414,3.9113516807556152,0.03896103896103896
21,3.8774531284968057,0.039354804421768703,3.8625943660736084,0.03896103896103896
22,3.9124193588892617,0.034146471088435375,3.9338784217834473,0.025974025974025976
23,3.8869287172953286,0.053172831632653066,3.9642980098724365,0.0
24,3.9294808308283486,0.02734375,3.9299118518829346,0.025974025974025976
25,3.9041903018951416,0.03675063775510204,3.9392850399017334,0.012987012987012988
26,3.887203097343445,0.049266581632653066,3.916703224182129,0.025974025974025976
27,3.879204789797465,0.034651360544217684,3.8700613975524902,0.012987012987012988
28,3.8724707762400308,0.045360331632653066,3.9800264835357666,0.025974025974025976
29,3.8774417638778687,0.03675063775510204,3.9709675312042236,0.0
30,3.896868268648783,0.038849914965986394,3.914421558380127,0.0
31,3.8977108001708984,0.029947916666666668,3.8855092525482178,0.012987012987012988
32,3.8922380208969116,0.033854166666666664,3.983415365219116,0.012987012987012988
33,3.898726542790731,0.039354804421768703,3.814420223236084,0.03896103896103896
34,3.8899367650349936,0.046662414965986394,3.883162498474121,0.012987012987012988
35,3.8830027182896933,0.03284438775510204,3.9352481365203857,0.025974025974025976
36,3.841511686642965,0.05397002551020408,3.9448282718658447,0.025974025974025976
37,3.8657567501068115,0.04637011054421769,3.8785557746887207,0.025974025974025976
38,3.876121759414673,0.034943664965986394,3.846889019012451,0.03896103896103896
39,3.885073105494181,0.0625797193877551,3.877769947052002,0.025974025974025976
40,3.875901142756144,0.03284438775510204,3.909982204437256,0.03896103896103896
41,3.8831591606140137,0.04405824829931973,3.8805770874023438,0.03896103896103896
42,3.8785130182902017,0.047459608843537414,3.8407552242279053,0.03896103896103896
43,3.901324907938639,0.049771471088435375,3.897860527038574,0.0
44,3.880747397740682,0.0390625,3.9497909545898438,0.05194805194805195
45,3.8834826151529946,0.047167304421768703,3.8985788822174072,0.025974025974025976
46,3.8756701151529946,0.050356079931972796,3.8707821369171143,0.03896103896103896
47,3.8800665537516275,0.047459608843537414,3.9218947887420654,0.025974025974025976
48,3.8754069805145264,0.038052721088435375,3.8586785793304443,0.03896103896103896
49,3.879254619280497,0.04015199829931973,3.8995721340179443,0.025974025974025976
50,3.8803045749664307,0.040364583333333336,3.850492477416992,0.03896103896103896
51,3.9070873260498047,0.030745110544217687,3.8641130924224854,0.012987012987012988
52,3.8699095646540322,0.04405824829931973,3.9205784797668457,0.012987012987012988
53,3.83697243531545,0.04065688775510204,3.8294014930725098,0.03896103896103896
54,3.9044395287831626,0.033854166666666664,3.9108827114105225,0.012987012987012988
55,3.8827788829803467,0.033854166666666664,3.874660015106201,0.012987012987012988
56,3.8490858475367227,0.050568664965986394,3.8912253379821777,0.03896103896103896
57,3.8939207792282104,0.037547831632653066,3.9100534915924072,0.012987012987012988
58,3.879499832789103,0.04065688775510204,3.9881041049957275,0.012987012987012988
59,3.8813870747884116,0.045865221088435375,3.9161651134490967,0.0
60,3.8908583323160806,0.041958971088435375,3.862959384918213,0.06493506493506493
61,3.8644888401031494,0.047672193877551026,3.8699700832366943,0.025974025974025976
62,3.8633197943369546,0.06308460884353741,3.904262065887451,0.012987012987012988
63,3.86513880888621,0.046662414965986394,3.8778140544891357,0.012987012987012988
64,3.865091244379679,0.04456313775510204,3.851201057434082,0.0
65,3.8645089864730835,0.046662414965986394,3.905547618865967,0.012987012987012988
66,3.898235321044922,0.04015199829931973,3.9106695652008057,0.012987012987012988
67,3.8842194080352783,0.033854166666666664,3.915074348449707,0.012987012987012988
68,3.8994075059890747,0.031542304421768703,3.8685100078582764,0.05194805194805195
69,3.887698849042257,0.03515625,3.87428617477417,0.025974025974025976
70,3.8902164697647095,0.041161777210884355,3.884047508239746,0.03896103896103896
71,3.9164309899012246,0.037255527210884355,3.855449676513672,0.05194805194805195
72,3.842393438021342,0.04846938775510204,3.8992679119110107,0.05194805194805195
73,3.901678125063578,0.045360331632653066,3.901609420776367,0.025974025974025976
74,3.8899302879969277,0.03704294217687074,3.908538341522217,0.05194805194805195
75,3.885796387990316,0.039354804421768703,3.9299232959747314,0.012987012987012988
76,3.867904623349508,0.05455463435374149,3.9375436305999756,0.0
77,3.868603984514872,0.05006377551020408,3.894463062286377,0.025974025974025976
78,3.8763883908589682,0.05628188775510204,3.894968032836914,0.025974025974025976
79,3.8856906493504844,0.038052721088435375,3.9128260612487793,0.012987012987012988
80,3.876258055369059,0.037255527210884355,3.879070281982422,0.012987012987012988
81,3.871566335360209,0.032552083333333336,3.91611385345459,0.025974025974025976
82,3.8735827604929605,0.041958971088435375,3.9090826511383057,0.025974025974025976
83,3.8677110274632773,0.045865221088435375,3.8390238285064697,0.012987012987012988
84,3.8666992584864297,0.04456313775510204,3.8721373081207275,0.05194805194805195
85,3.8837192058563232,0.034146471088435375,3.8941702842712402,0.05194805194805195
86,3.8890822728474936,0.035448554421768703,3.9762730598449707,0.012987012987012988
87,3.890312989552816,0.04065688775510204,3.92879581451416,0.0
88,3.878228704134623,0.043261054421768703,3.9117701053619385,0.025974025974025976
89,3.894731799761454,0.04094919217687074,3.8524534702301025,0.03896103896103896
90,3.909662961959839,0.037255527210884355,3.8585450649261475,0.03896103896103896
91,3.8642870982488,0.04405824829931973,3.926966667175293,0.03896103896103896
92,3.8775892655054727,0.033349277210884355,3.8561904430389404,0.05194805194805195
93,3.8799229065577188,0.04456313775510204,3.7956178188323975,0.03896103896103896
94,3.90907883644104,0.046954719387755105,3.9156787395477295,0.05194805194805195
95,3.883190155029297,0.04485544217687074,3.8606975078582764,0.025974025974025976
96,3.874742547671,0.058673469387755105,3.9213411808013916,0.025974025974025976
97,3.87836229801178,0.04846938775510204,3.953612804412842,0.012987012987012988
98,3.867953340212504,0.049771471088435375,3.9581563472747803,0.025974025974025976
99,3.9106454054514566,0.041958971088435375,3.9308102130889893,0.012987012987012988
100,3.8945072491963706,0.04615752551020408,3.9587767124176025,0.025974025974025976
101,3.9001813332239785,0.034146471088435375,3.950854778289795,0.012987012987012988
102,3.8645497957865396,0.043261054421768703,3.852189540863037,0.025974025974025976
103,3.891392946243286,0.04094919217687074,3.8526792526245117,0.05194805194805195
104,3.8704938888549805,0.05027636054421769,3.924468517303467,0.025974025974025976
105,3.862371484438578,0.054767219387755105,3.9413657188415527,0.03896103896103896
106,3.880734165509542,0.03595344387755102,3.990140914916992,0.012987012987012988
107,3.8961296478907266,0.039354804421768703,3.940512180328369,0.03896103896103896
108,3.883872071901957,0.050568664965986394,3.7883031368255615,0.025974025974025976
109,3.885606527328491,0.045068027210884355,3.939981460571289,0.03896103896103896
110,3.885853926340739,0.03204719387755102,3.847400188446045,0.05194805194805195
111,3.868452231089274,0.050860969387755105,3.9394595623016357,0.03896103896103896
112,3.892259955406189,0.04015199829931973,3.8919260501861572,0.03896103896103896
113,3.8720105489095054,0.058381164965986394,3.93450927734375,0.012987012987012988
114,3.8723899920781455,0.05418261054421769,3.8648321628570557,0.05194805194805195
115,3.8970481952031455,0.045068027210884355,3.901824474334717,0.06493506493506493
116,3.874921123186747,0.045068027210884355,3.925687313079834,0.025974025974025976
117,3.8861896991729736,0.034651360544217684,3.8423080444335938,0.025974025974025976
118,3.8696031173070273,0.034651360544217684,3.8923447132110596,0.025974025974025976
119,3.8526429732640586,0.050568664965986394,3.947343587875366,0.025974025974025976
120,3.887227455774943,0.034651360544217684,3.903679370880127,0.025974025974025976
121,3.9128156900405884,0.03985969387755102,3.9277501106262207,0.03896103896103896
122,3.900208512941996,0.02734375,3.9348208904266357,0.025974025974025976
123,3.848794857660929,0.04044430272108843,3.91878080368042,0.03896103896103896
124,3.8981431325276694,0.04485544217687074,3.9289309978485107,0.012987012987012988
125,3.8531910181045532,0.043261054421768703,3.887397289276123,0.012987012987012988
126,3.8595207929611206,0.050568664965986394,3.894282817840576,0.06493506493506493
127,3.891533931096395,0.02734375,3.868354320526123,0.025974025974025976
128,3.864471197128296,0.04846938775510204,3.820478677749634,0.05194805194805195
129,3.8927971919377646,0.037255527210884355,3.849097728729248,0.09090909090909091
130,3.885517398516337,0.026041666666666668,3.9585108757019043,0.03896103896103896
131,3.8695292472839355,0.043765943877551026,3.9553239345550537,0.012987012987012988
132,3.90032951037089,0.03284438775510204,3.844503879547119,0.05194805194805195
133,3.8893311818440757,0.025536777210884352,3.9278664588928223,0.025974025974025976
134,3.8536320527394614,0.04796449829931973,3.9598515033721924,0.012987012987012988
135,3.8654223680496216,0.03204719387755102,3.907249927520752,0.025974025974025976
136,3.855347911516825,0.052083333333333336,3.9043896198272705,0.012987012987012988
137,3.8889997005462646,0.034146471088435375,3.870669364929199,0.06493506493506493
138,3.869006951649984,0.03125,3.9249777793884277,0.012987012987012988
139,3.8732221126556396,0.04094919217687074,3.9371390342712402,0.012987012987012988
140,3.857056657473246,0.0390625,3.8387091159820557,0.05194805194805195
141,3.875383138656616,0.035448554421768703,3.896921157836914,0.03896103896103896
142,3.871846834818522,0.039142219387755105,3.917893409729004,0.025974025974025976
143,3.8711634476979575,0.051073554421768703,3.9478759765625,0.0
144,3.885852575302124,0.055272108843537414,3.7835135459899902,0.025974025974025976
145,3.8665525913238525,0.05397002551020408,3.9100000858306885,0.025974025974025976
146,3.8912599881490073,0.033349277210884355,3.967557430267334,0.012987012987012988
147,3.881970206896464,0.04637011054421769,3.893909454345703,0.012987012987012988
148,3.887461026509603,0.03284438775510204,3.906510353088379,0.025974025974025976
149,3.8738906383514404,0.043048469387755105,3.881645679473877,0.05194805194805195
150,3.890713890393575,0.03675063775510204,3.824777126312256,0.025974025974025976
151,3.8864906628926597,0.03204719387755102,3.949418544769287,0.0
152,3.8666946490605674,0.051578443877551026,3.919672966003418,0.0
153,3.8887078364690146,0.043765943877551026,3.9327187538146973,0.03896103896103896
154,3.85947585105896,0.04876169217687074,3.9018490314483643,0.0
155,3.893132448196411,0.039354804421768703,3.9035322666168213,0.012987012987012988
156,3.87014102935791,0.03024022108843537,3.9127490520477295,0.0
157,3.891873002052307,0.031542304421768703,3.9324543476104736,0.012987012987012988
158,3.8856669267018638,0.036458333333333336,3.9062728881835938,0.03896103896103896
159,3.8841134309768677,0.035448554421768703,3.9047060012817383,0.012987012987012988
160,3.8787934382756553,0.048974277210884355,3.8926854133605957,0.03896103896103896
161,3.894495407740275,0.047672193877551026,3.8887298107147217,0.05194805194805195
162,3.8943505684534707,0.045068027210884355,3.8695695400238037,0.03896103896103896
163,3.865075469017029,0.034651360544217684,3.9107987880706787,0.0
164,3.885956088701884,0.046662414965986394,3.9642064571380615,0.05194805194805195
165,3.896178642908732,0.045068027210884355,3.919241428375244,0.025974025974025976
166,3.8843446572621665,0.03024022108843537,3.939253091812134,0.025974025974025976
167,3.8325995206832886,0.051073554421768703,3.889004707336426,0.025974025974025976
168,3.8717974424362183,0.03675063775510204,3.929886817932129,0.0
169,3.879618684450785,0.049266581632653066,3.964176654815674,0.012987012987012988
170,3.897325038909912,0.034146471088435375,3.8823745250701904,0.025974025974025976
171,3.850488066673279,0.04637011054421769,3.9083986282348633,0.05194805194805195
172,3.906910459200541,0.020833333333333332,3.850677490234375,0.03896103896103896
173,3.860761364301046,0.045068027210884355,3.9486377239227295,0.025974025974025976
174,3.8883105913798013,0.03675063775510204,3.8271243572235107,0.05194805194805195
175,3.8966216246287027,0.03624574829931973,3.8949954509735107,0.025974025974025976
176,3.8827943007151284,0.041454081632653066,3.9393084049224854,0.012987012987012988
177,3.8983307679494223,0.037547831632653066,3.8890974521636963,0.06493506493506493
178,3.886799176534017,0.041958971088435375,4.018396854400635,0.0
179,3.867418885231018,0.045360331632653066,3.8865015506744385,0.0
180,3.8581115007400513,0.047459608843537414,3.9991402626037598,0.05194805194805195
181,3.865896304448446,0.036458333333333336,3.8351848125457764,0.025974025974025976
182,3.8509875933329263,0.05657419217687074,3.962185859680176,0.05194805194805195
183,3.88874359925588,0.03985969387755102,3.935275077819824,0.012987012987012988
184,3.8476283152898154,0.05187074829931973,3.9499943256378174,0.0
185,3.8823126951853433,0.04405824829931973,3.983673095703125,0.012987012987012988
186,3.866441289583842,0.04796449829931973,3.980626106262207,0.012987012987012988
187,3.876838445663452,0.03985969387755102,3.8107118606567383,0.025974025974025976
188,3.885266423225403,0.050568664965986394,3.864732265472412,0.012987012987012988
189,3.895950198173523,0.039354804421768703,3.90500545501709,0.025974025974025976
190,3.8798860708872476,0.035448554421768703,3.8553149700164795,0.03896103896103896
191,3.8870985905329385,0.042756164965986394,3.9186575412750244,0.025974025974025976
192,3.8846395015716553,0.023729804421768707,3.9355287551879883,0.03896103896103896
193,3.8896958033243814,0.041161777210884355,3.885899066925049,0.012987012987012988
194,3.883760134379069,0.044270833333333336,3.884788990020752,0.025974025974025976
195,3.9103548526763916,0.026838860544217687,3.9184646606445312,0.025974025974025976
196,3.8882967631022134,0.035448554421768703,3.874270439147949,0.025974025974025976
197,3.903357982635498,0.041454081632653066,3.9255387783050537,0.0
198,3.902252991994222,0.03284438775510204,3.954679489135742,0.025974025974025976
199,3.8987869024276733,0.046662414965986394,3.9566948413848877,0.0
200,3.905837297439575,0.029443027210884352,3.8661599159240723,0.025974025974025976
201,3.891460657119751,0.045865221088435375,3.8807485103607178,0.025974025974025976
202,3.875668009122213,0.03595344387755102,3.894641876220703,0.025974025974025976
203,3.889486312866211,0.045572916666666664,3.8592302799224854,0.03896103896103896
204,3.8638398249944053,0.048974277210884355,3.8621826171875,0.06493506493506493
205,3.8606205383936563,0.028645833333333332,3.900085926055908,0.03896103896103896
206,3.8942760626475015,0.045068027210884355,3.8702433109283447,0.05194805194805195
207,3.8609560330708823,0.047167304421768703,3.937312126159668,0.0
208,3.866650859514872,0.047167304421768703,3.9378249645233154,0.0
209,3.8941157261530557,0.034651360544217684,3.9446985721588135,0.012987012987012988
210,3.868657430013021,0.050860969387755105,3.926482677459717,0.025974025974025976
211,3.869747837384542,0.039354804421768703,3.8990609645843506,0.06493506493506493
212,3.903239885965983,0.04846938775510204,3.866604804992676,0.012987012987012988
213,3.901301383972168,0.05266794217687074,3.9290053844451904,0.025974025974025976
214,3.8773017724355063,0.038849914965986394,4.029026031494141,0.0
215,3.871546427408854,0.039354804421768703,3.925373077392578,0.025974025974025976
216,3.8836944103240967,0.047459608843537414,3.8869893550872803,0.025974025974025976
217,3.902978698412577,0.028645833333333332,3.9349629878997803,0.05194805194805195
218,3.9068727493286133,0.050568664965986394,3.8954765796661377,0.03896103896103896
219,3.899169643719991,0.034943664965986394,3.8786418437957764,0.012987012987012988
220,3.8685017029444375,0.041454081632653066,3.939896583557129,0.025974025974025976
221,3.8878833850224814,0.030745110544217687,3.8952431678771973,0.0
222,3.8483283122380576,0.041666666666666664,3.9260330200195312,0.025974025974025976
223,3.8786800702412925,0.041161777210884355,3.8344650268554688,0.025974025974025976
224,3.89165727297465,0.054979804421768703,3.8628108501434326,0.025974025974025976
225,3.8886013428370156,0.03284438775510204,3.906928539276123,0.0
226,3.8787978887557983,0.041958971088435375,3.80792236328125,0.05194805194805195
227,3.901628772417704,0.042756164965986394,3.9345967769622803,0.03896103896103896
228,3.874715725580851,0.033349277210884355,3.884371757507324,0.05194805194805195
229,3.875213623046875,0.035740858843537414,3.91300106048584,0.03896103896103896
230,3.878505309422811,0.029947916666666668,3.837803363800049,0.025974025974025976
231,3.8535106579462686,0.04246386054421769,3.90316104888916,0.025974025974025976
232,3.8824955224990845,0.033641581632653066,3.8794710636138916,0.03896103896103896
233,3.8942991495132446,0.033854166666666664,3.9412295818328857,0.012987012987012988
234,3.8743039766947427,0.053677721088435375,3.8545706272125244,0.03896103896103896
235,3.8645701805750527,0.05006377551020408,3.849668025970459,0.012987012987012988
236,3.8546915849049888,0.05397002551020408,3.8969380855560303,0.03896103896103896
237,3.881497065226237,0.038557610544217684,3.9020028114318848,0.012987012987012988
238,3.870346109072367,0.042756164965986394,3.9337799549102783,0.03896103896103896
239,3.880661884943644,0.04615752551020408,3.8513600826263428,0.03896103896103896
240,3.892000118891398,0.051365858843537414,3.871488571166992,0.03896103896103896
241,3.8880563179651895,0.047167304421768703,3.8719584941864014,0.03896103896103896
242,3.865813732147217,0.049771471088435375,3.8280842304229736,0.0
243,3.880861242612203,0.033349277210884355,3.911740303039551,0.025974025974025976
244,3.8735329310099282,0.047167304421768703,3.8667032718658447,0.03896103896103896
245,3.869856913884481,0.045865221088435375,3.859834671020508,0.012987012987012988
246,3.8886592388153076,0.04246386054421769,3.8903450965881348,0.03896103896103896
247,3.865363041559855,0.045360331632653066,3.915530204772949,0.0
248,3.8661629358927407,0.037255527210884355,3.86018705368042,0.012987012987012988
249,3.8527724345525107,0.045865221088435375,3.9487452507019043,0.012987012987012988
250,3.899176319440206,0.05027636054421769,3.871583938598633,0.012987012987012988
251,3.8711981773376465,0.041161777210884355,3.897007942199707,0.03896103896103896
252,3.860070506731669,0.062287414965986394,3.8761003017425537,0.012987012987012988
253,3.9134151935577393,0.034146471088435375,3.8830764293670654,0.03896103896103896
254,3.8800485134124756,0.045360331632653066,3.9681003093719482,0.03896103896103896
255,3.8779803117116294,0.031542304421768703,3.8087894916534424,0.03896103896103896
256,3.8684563636779785,0.04846938775510204,3.909031867980957,0.025974025974025976
257,3.8874321778615317,0.028645833333333332,3.826920986175537,0.06493506493506493
258,3.859131415685018,0.07769982993197279,3.9056756496429443,0.03896103896103896
259,3.8788774013519287,0.04876169217687074,3.9213950634002686,0.0
260,3.8828611771265664,0.059470663265306124,3.9265949726104736,0.012987012987012988
261,3.8758341471354165,0.043765943877551026,3.941082000732422,0.03896103896103896
262,3.878525177637736,0.04456313775510204,3.8383309841156006,0.012987012987012988
263,3.8847572803497314,0.026838860544217687,3.931723117828369,0.025974025974025976
264,3.9085567792256675,0.038557610544217684,3.911787509918213,0.025974025974025976
265,3.86427640914917,0.038052721088435375,3.9638006687164307,0.012987012987012988
266,3.85082471370697,0.037255527210884355,3.847825765609741,0.06493506493506493
267,3.891844391822815,0.038052721088435375,3.965024948120117,0.025974025974025976
268,3.8522421518961587,0.05187074829931973,3.842989444732666,0.0
269,3.8864657084147134,0.04246386054421769,3.945919990539551,0.0
270,3.855048974355062,0.04637011054421769,3.8658487796783447,0.05194805194805195
271,3.901598890622457,0.037760416666666664,3.8453516960144043,0.025974025974025976
272,3.856518507003784,0.03985969387755102,3.900641918182373,0.05194805194805195
273,3.841117739677429,0.051073554421768703,3.8856253623962402,0.06493506493506493
274,3.8796191612879434,0.033854166666666664,3.8779075145721436,0.06493506493506493
275,3.8980281750361123,0.03204719387755102,3.892538070678711,0.09090909090909091
276,3.891931931177775,0.049771471088435375,3.889805316925049,0.025974025974025976
277,3.912671367327372,0.05968324829931973,3.8098456859588623,0.06493506493506493
278,3.874154249827067,0.043261054421768703,3.8628933429718018,0.05194805194805195
279,3.851081212361654,0.04296875,3.8758633136749268,0.03896103896103896
280,3.8920539220174155,0.04456313775510204,3.8441379070281982,0.025974025974025976
281,3.8712236086527505,0.039647108843537414,3.864577293395996,0.025974025974025976
282,3.8702656825383506,0.038849914965986394,4.0169677734375,0.025974025974025976
283,3.8459366957346597,0.05606930272108843,3.9234087467193604,0.025974025974025976
284,3.8524535497029624,0.05737138605442177,3.900404930114746,0.025974025974025976
285,3.869565010070801,0.045865221088435375,3.8013899326324463,0.06493506493506493
286,3.8579912185668945,0.04637011054421769,3.90920352935791,0.03896103896103896
287,3.8840386470158896,0.03284438775510204,3.9058592319488525,0.025974025974025976
288,3.8792938391367593,0.055564413265306124,3.8816182613372803,0.025974025974025976
289,3.8636990785598755,0.04637011054421769,3.8718459606170654,0.05194805194805195
290,3.9019505182902017,0.032552083333333336,3.907100200653076,0.025974025974025976
291,3.8640220562616983,0.053172831632653066,3.9287617206573486,0.06493506493506493
292,3.869099179903666,0.032552083333333336,3.922423839569092,0.03896103896103896
293,3.889014959335327,0.055564413265306124,3.8489606380462646,0.03896103896103896
294,3.8857715129852295,0.038557610544217684,3.912994384765625,0.05194805194805195
295,3.8847305377324424,0.043261054421768703,3.8821616172790527,0.025974025974025976
296,3.9079133669535318,0.038557610544217684,3.9126815795898438,0.0
297,3.8947845697402954,0.034146471088435375,3.877553939819336,0.05194805194805195
298,3.869094967842102,0.049771471088435375,3.89914608001709,0.012987012987012988
299,3.8611136277516684,0.043261054421768703,3.7983248233795166,0.025974025974025976
300,3.864304264386495,0.043765943877551026,3.9180963039398193,0.012987012987012988
301,3.9003310600916543,0.045865221088435375,3.9334328174591064,0.03896103896103896
302,3.85993758837382,0.037547831632653066,3.8320071697235107,0.05194805194805195
303,3.8908121983210244,0.034651360544217684,3.9384536743164062,0.0
304,3.881801207860311,0.044642857142857144,3.86564302444458,0.03896103896103896
305,3.8649508158365884,0.041161777210884355,3.8267900943756104,0.012987012987012988
306,3.903968334197998,0.03125,3.8805911540985107,0.025974025974025976
307,3.884375294049581,0.038557610544217684,3.8926079273223877,0.012987012987012988
308,3.8905117511749268,0.04796449829931973,3.981755256652832,0.03896103896103896
309,3.854402701059977,0.041958971088435375,3.9239296913146973,0.025974025974025976
310,3.9166084925333657,0.035448554421768703,3.867737293243408,0.03896103896103896
311,3.865931510925293,0.04405824829931973,3.894411563873291,0.025974025974025976
312,3.891031781832377,0.027636054421768707,3.985201358795166,0.05194805194805195
313,3.892640312512716,0.03204719387755102,3.889362335205078,0.03896103896103896
314,3.8837271134058633,0.03675063775510204,3.8693745136260986,0.012987012987012988
315,3.871628761291504,0.046662414965986394,3.8961193561553955,0.025974025974025976
316,3.9032923380533853,0.034146471088435375,3.8436739444732666,0.06493506493506493
317,3.8609195550282798,0.035448554421768703,3.863213539123535,0.05194805194805195
318,3.8841050465901694,0.038052721088435375,3.8728463649749756,0.025974025974025976
319,3.8697038888931274,0.053172831632653066,4.0226263999938965,0.0
320,3.8970130681991577,0.04065688775510204,3.8591229915618896,0.012987012987012988
321,3.9034772316614785,0.043261054421768703,3.893842935562134,0.025974025974025976
322,3.879799723625183,0.039354804421768703,3.904684066772461,0.012987012987012988
323,3.888652046521505,0.04846938775510204,3.844068765640259,0.012987012987012988
324,3.9105355739593506,0.034651360544217684,3.8575947284698486,0.03896103896103896
325,3.875763495763143,0.046875,3.9141128063201904,0.012987012987012988
326,3.8775210777918496,0.034651360544217684,3.8739049434661865,0.012987012987012988
327,3.894454757372538,0.025536777210884352,3.8630013465881348,0.025974025974025976
328,3.8801252841949463,0.05006377551020408,3.8699183464050293,0.05194805194805195
329,3.9009687503178916,0.030745110544217687,3.8508729934692383,0.025974025974025976
330,3.9045578638712564,0.038849914965986394,3.896738052368164,0.012987012987012988
331,3.887891093889872,0.054262329931972796,3.8544399738311768,0.03896103896103896
332,3.887537678082784,0.037255527210884355,3.8903450965881348,0.025974025974025976
333,3.8874456882476807,0.03595344387755102,3.8287718296051025,0.05194805194805195
334,3.8863735596338906,0.03443877551020408,3.8856866359710693,0.025974025974025976
335,3.8905970652898154,0.04456313775510204,3.8735978603363037,0.025974025974025976
336,3.8648492892583213,0.03624574829931973,3.9184658527374268,0.025974025974025976
337,3.9026235739390054,0.037760416666666664,3.90720272064209,0.0
338,3.8772199551264444,0.03284438775510204,3.8818018436431885,0.012987012987012988
339,3.867959499359131,0.041958971088435375,3.843492031097412,0.0
340,3.8899471759796143,0.034943664965986394,3.8809478282928467,0.025974025974025976
341,3.9002672036488852,0.03985969387755102,3.971639633178711,0.03896103896103896
342,3.875054438908895,0.043553358843537414,3.7829949855804443,0.025974025974025976
343,3.896463632583618,0.04015199829931973,3.944110870361328,0.025974025974025976
344,3.8890016078948975,0.029443027210884352,3.9051926136016846,0.025974025974025976
345,3.880090514818827,0.043261054421768703,3.8181378841400146,0.012987012987012988
346,3.903879165649414,0.03985969387755102,3.8955934047698975,0.025974025974025976
347,3.9127904971440635,0.029947916666666668,3.8874638080596924,0.025974025974025976
348,3.8723932902018228,0.0664859693877551,3.8891983032226562,0.03896103896103896
349,3.8409080505371094,0.04015199829931973,3.9164907932281494,0.012987012987012988
350,3.8930549224217734,0.06018813775510204,3.8767292499542236,0.012987012987012988
351,3.8739723761876426,0.04846938775510204,3.9307868480682373,0.012987012987012988
352,3.8602774143218994,0.047167304421768703,3.8837027549743652,0.012987012987012988
353,3.85587477684021,0.045068027210884355,3.8673040866851807,0.05194805194805195
354,3.906287590662638,0.036458333333333336,3.891909122467041,0.012987012987012988
355,3.862922509511312,0.056786777210884355,3.978245258331299,0.012987012987012988
356,3.8658668597539267,0.037760416666666664,3.914346694946289,0.03896103896103896
357,3.9000784953435264,0.028645833333333332,3.804381847381592,0.03896103896103896
358,3.861821452776591,0.05397002551020408,3.8493998050689697,0.0
359,3.874572436014811,0.04435055272108843,3.9116170406341553,0.025974025974025976
360,3.8775031566619873,0.039354804421768703,3.931544303894043,0.03896103896103896
361,3.8507508039474487,0.030745110544217687,3.8695068359375,0.012987012987012988
362,3.8742857774098716,0.03204719387755102,3.926901340484619,0.012987012987012988
363,3.8813000520070395,0.0234375,3.8965611457824707,0.05194805194805195
364,3.8939987818400064,0.037255527210884355,3.905726432800293,0.025974025974025976
365,3.920112411181132,0.03284438775510204,3.928574562072754,0.0
366,3.878649870554606,0.039354804421768703,3.8979415893554688,0.012987012987012988
367,3.8959341049194336,0.034651360544217684,3.795579433441162,0.03896103896103896
368,3.8596423864364624,0.06627338435374149,3.853621482849121,0.025974025974025976
369,3.87700625260671,0.045360331632653066,3.9206948280334473,0.012987012987012988
370,3.895948608716329,0.029443027210884352,3.9159059524536133,0.05194805194805195
371,3.8734550873438516,0.03985969387755102,3.9213106632232666,0.03896103896103896
372,3.8912253777186074,0.03125,3.8741910457611084,0.012987012987012988
373,3.8634462356567383,0.041161777210884355,3.8653690814971924,0.012987012987012988
374,3.872275193532308,0.045865221088435375,3.863173007965088,0.03896103896103896
375,3.892642339070638,0.038052721088435375,3.933055877685547,0.05194805194805195
376,3.905012766520182,0.029947916666666668,3.955796957015991,0.012987012987012988
377,3.9081178108851113,0.03284438775510204,3.8988215923309326,0.025974025974025976
378,3.85474701722463,0.037760416666666664,3.909748077392578,0.025974025974025976
379,3.866303284962972,0.04456313775510204,3.8779356479644775,0.025974025974025976
380,3.882742007573446,0.04065688775510204,3.961857795715332,0.0
381,3.860617438952128,0.047167304421768703,3.842205047607422,0.03896103896103896
382,3.8503816525141397,0.02814094387755102,3.829981803894043,0.05194805194805195
383,3.8544212182362876,0.047459608843537414,3.8646492958068848,0.05194805194805195
384,3.8892519076665244,0.045360331632653066,3.8905787467956543,0.025974025974025976
385,3.8847543001174927,0.04637011054421769,3.9176223278045654,0.03896103896103896
386,3.8683759371439614,0.05266794217687074,3.905796527862549,0.012987012987012988
387,3.8938411474227905,0.03204719387755102,3.8682143688201904,0.012987012987012988
388,3.875271121660868,0.03595344387755102,3.9076364040374756,0.03896103896103896
389,3.892503261566162,0.043765943877551026,3.8587958812713623,0.06493506493506493
390,3.863682985305786,0.03515625,3.871155261993408,0.025974025974025976
391,3.85765278339386,0.04876169217687074,3.9364850521087646,0.0
392,3.8855587244033813,0.04796449829931973,3.841625690460205,0.03896103896103896
393,3.8765224615732827,0.049266581632653066,3.864306926727295,0.025974025974025976
394,3.895286798477173,0.04065688775510204,3.847074031829834,0.012987012987012988
395,3.9027788241704306,0.034943664965986394,3.8741838932037354,0.012987012987012988
396,3.8833477894465127,0.04246386054421769,3.8944509029388428,0.025974025974025976
397,3.8633914788564048,0.042756164965986394,3.9474146366119385,0.0
398,3.8868581851323447,0.029443027210884352,3.9277303218841553,0.03896103896103896
399,3.891701618830363,0.045360331632653066,3.900155544281006,0.03896103896103896
400,3.865519881248474,0.041454081632653066,3.976245403289795,0.025974025974025976
401,3.8824822505315146,0.04796449829931973,3.9210665225982666,0.0
402,3.8638598918914795,0.048177083333333336,3.927629232406616,0.025974025974025976
403,3.881899038950602,0.033349277210884355,3.9118664264678955,0.05194805194805195
404,3.8797518809636435,0.033854166666666664,3.8437445163726807,0.05194805194805195
405,3.8859969774881997,0.04796449829931973,3.864908218383789,0.012987012987012988
406,3.8841983874638877,0.033349277210884355,3.926452159881592,0.025974025974025976
407,3.8787107467651367,0.047751913265306124,3.8641669750213623,0.03896103896103896
408,3.89826762676239,0.048177083333333336,3.899860382080078,0.03896103896103896
409,3.86829149723053,0.041958971088435375,3.9194209575653076,0.0
410,3.9098114569981894,0.037255527210884355,3.872495651245117,0.0
411,3.9268418153127036,0.032552083333333336,3.9453611373901367,0.03896103896103896
412,3.9159874518712363,0.037760416666666664,3.8741462230682373,0.025974025974025976
413,3.8762426376342773,0.03024022108843537,3.825634002685547,0.09090909090909091
414,3.8794384002685547,0.03125,3.9466629028320312,0.025974025974025976
415,3.8996709982554116,0.03595344387755102,3.9458420276641846,0.025974025974025976
416,3.8600905736287436,0.033349277210884355,3.8762083053588867,0.025974025974025976
417,3.8597007195154824,0.04615752551020408,3.8456246852874756,0.0
418,3.8596155246098838,0.045068027210884355,3.9259896278381348,0.012987012987012988
419,3.912571350733439,0.038052721088435375,3.902980327606201,0.012987012987012988
420,3.8710487286249795,0.06308460884353741,3.920386791229248,0.0
421,3.8775498469670615,0.052083333333333336,3.9544217586517334,0.025974025974025976
422,3.88216761747996,0.038557610544217684,3.8392152786254883,0.05194805194805195
423,3.8883797327677407,0.04405824829931973,3.8702280521392822,0.025974025974025976
424,3.848563631375631,0.043765943877551026,3.8716862201690674,0.025974025974025976
425,3.864540934562683,0.045865221088435375,3.8778226375579834,0.03896103896103896
426,3.8698737621307373,0.04246386054421769,3.8621509075164795,0.012987012987012988
427,3.8576868375142417,0.054262329931972796,3.8992812633514404,0.012987012987012988
428,3.8734946648279824,0.049266581632653066,3.824544906616211,0.09090909090909091
429,3.879161238670349,0.05006377551020408,3.872433662414551,0.012987012987012988
430,3.8878631591796875,0.03624574829931973,3.8515241146087646,0.025974025974025976
431,3.877737204233805,0.041454081632653066,3.844228744506836,0.05194805194805195
432,3.8573498725891113,0.05266794217687074,3.892622947692871,0.012987012987012988
433,3.859630068143209,0.047167304421768703,3.8459317684173584,0.03896103896103896
434,3.9201239347457886,0.04405824829931973,3.8062174320220947,0.03896103896103896
435,3.8743088245391846,0.033641581632653066,3.9223439693450928,0.0
436,3.873459537823995,0.04485544217687074,3.8971102237701416,0.025974025974025976
437,3.8825904925664267,0.04065688775510204,3.903590679168701,0.03896103896103896
438,3.8868980407714844,0.03284438775510204,3.906057357788086,0.025974025974025976
439,3.886759360631307,0.033349277210884355,3.8784701824188232,0.05194805194805195
440,3.9216999610265098,0.02734375,3.8017852306365967,0.03896103896103896
441,3.8469084898630777,0.04955888605442177,3.9249722957611084,0.0
442,3.860703468322754,0.043261054421768703,3.8602287769317627,0.03896103896103896
443,3.9025288422902427,0.03233949829931973,3.8538966178894043,0.025974025974025976
444,3.887277523676554,0.037255527210884355,3.890463352203369,0.0
445,3.8787800073623657,0.043553358843537414,3.9304921627044678,0.03896103896103896
446,3.8636656999588013,0.05375744047619047,3.9230048656463623,0.012987012987012988
447,3.886703451474508,0.04015199829931973,3.9049324989318848,0.05194805194805195
448,3.8574353456497192,0.041958971088435375,3.9087624549865723,0.03896103896103896
449,3.895463546117147,0.035448554421768703,3.9268977642059326,0.012987012987012988
450,3.874253749847412,0.045068027210884355,3.952965259552002,0.0
451,3.8869880040486655,0.037760416666666664,3.96504545211792,0.012987012987012988
452,3.8625646034876504,0.039354804421768703,3.892683506011963,0.05194805194805195
453,3.89337952931722,0.038557610544217684,3.838435173034668,0.07792207792207792
454,3.878093202908834,0.04405824829931973,3.9296538829803467,0.012987012987012988
455,3.863341132799784,0.053172831632653066,3.915463447570801,0.025974025974025976
456,3.881495952606201,0.043261054421768703,3.9460525512695312,0.03896103896103896
457,3.8613131443659463,0.046662414965986394,3.784213066101074,0.025974025974025976
458,3.8840797344843545,0.034651360544217684,3.9264931678771973,0.03896103896103896
459,3.885903517405192,0.053677721088435375,3.875864028930664,0.03896103896103896
460,3.921265800793966,0.04015199829931973,3.9146392345428467,0.025974025974025976
461,3.875295956929525,0.035448554421768703,3.9237911701202393,0.025974025974025976
462,3.89081605275472,0.03985969387755102,3.889127731323242,0.012987012987012988
463,3.886496623357137,0.03515625,3.8535830974578857,0.012987012987012988
464,3.9108049074808755,0.033349277210884355,3.8169877529144287,0.05194805194805195
465,3.894067923227946,0.037760416666666664,3.909292221069336,0.012987012987012988
466,3.8701111475626626,0.033854166666666664,3.974465847015381,0.0
467,3.9048853317896524,0.02814094387755102,3.98262882232666,0.03896103896103896
468,3.8861722548802695,0.038052721088435375,3.903736114501953,0.012987012987012988
469,3.88219944636027,0.035740858843537414,3.9063098430633545,0.05194805194805195
470,3.867390235265096,0.048974277210884355,3.8725807666778564,0.025974025974025976
471,3.885022282600403,0.042756164965986394,3.898223400115967,0.025974025974025976
472,3.904693047205607,0.034651360544217684,3.8353054523468018,0.025974025974025976
473,3.8713656266530356,0.05606930272108843,3.8812806606292725,0.012987012987012988
474,3.8651124636332193,0.05628188775510204,3.8744843006134033,0.05194805194805195
475,3.8797252972920737,0.02893813775510204,3.938523292541504,0.0
476,3.856819669405619,0.049266581632653066,3.934345245361328,0.03896103896103896
477,3.905212680498759,0.03985969387755102,3.8371479511260986,0.03896103896103896
478,3.8895769516626992,0.04296875,3.868565559387207,0.03896103896103896
479,3.900642434755961,0.033349277210884355,3.908456325531006,0.0
480,3.8432255585988364,0.049771471088435375,3.8968751430511475,0.025974025974025976
481,3.9017683267593384,0.04615752551020408,3.8464791774749756,0.025974025974025976
482,3.8574616511662803,0.053677721088435375,3.914109945297241,0.012987012987012988
483,3.909096678098043,0.0390625,3.9327261447906494,0.03896103896103896
484,3.8843262990315757,0.034651360544217684,3.8577370643615723,0.03896103896103896
485,3.898921012878418,0.03675063775510204,3.9079816341400146,0.03896103896103896
486,3.891881744066874,0.034651360544217684,3.9504377841949463,0.025974025974025976
487,3.8509551286697388,0.04456313775510204,3.9255425930023193,0.012987012987012988
488,3.849563956260681,0.04246386054421769,3.8245532512664795,0.03896103896103896
489,3.900081435839335,0.03204719387755102,3.852849006652832,0.012987012987012988
490,3.8656797409057617,0.03595344387755102,3.8858420848846436,0.025974025974025976
491,3.9049325386683145,0.05027636054421769,3.834336757659912,0.07792207792207792
492,3.8713268836339316,0.0390625,3.9217381477355957,0.012987012987012988
493,3.862035632133484,0.03624574829931973,3.8451931476593018,0.012987012987012988
494,3.8961944580078125,0.047167304421768703,3.930046558380127,0.07792207792207792
495,3.8893826007843018,0.03125,3.9346396923065186,0.025974025974025976
496,3.867470661799113,0.051073554421768703,3.8656961917877197,0.012987012987012988
497,3.890958309173584,0.043765943877551026,3.9427273273468018,0.03896103896103896
498,3.878027399381002,0.049771471088435375,3.880131244659424,0.025974025974025976
499,3.864666740099589,0.053172831632653066,3.9291765689849854,0.025974025974025976
500,3.8892352978388467,0.035448554421768703,3.8636834621429443,0.03896103896103896
501,3.8781778812408447,0.04456313775510204,3.97245454788208,0.0
502,3.873251040776571,0.046662414965986394,3.8722121715545654,0.0
503,3.848937153816223,0.030745110544217687,3.860076427459717,0.025974025974025976
504,3.871904174486796,0.038052721088435375,3.8414571285247803,0.025974025974025976
505,3.8883978923161826,0.041454081632653066,3.903089761734009,0.012987012987012988
506,3.8554441928863525,0.05397002551020408,3.8281643390655518,0.012987012987012988
507,3.8684637943903604,0.035448554421768703,3.8907387256622314,0.03896103896103896
508,3.868505358695984,0.04015199829931973,3.8927056789398193,0.025974025974025976
509,3.9144602616628013,0.043261054421768703,3.9053266048431396,0.025974025974025976
510,3.86536967754364,0.04846938775510204,3.9242959022521973,0.012987012987012988
511,3.8668469985326133,0.045865221088435375,3.857013702392578,0.05194805194805195
512,3.877134124437968,0.041666666666666664,3.859715461730957,0.03896103896103896
513,3.8919657468795776,0.04065688775510204,3.9695985317230225,0.0
514,3.8935930331548056,0.039354804421768703,3.8777472972869873,0.025974025974025976
515,3.8863391876220703,0.04246386054421769,3.898193836212158,0.012987012987012988
516,3.8844426472981772,0.046662414965986394,3.839695930480957,0.03896103896103896
517,3.901616414388021,0.05397002551020408,3.9411509037017822,0.025974025974025976
518,3.9074138402938843,0.035448554421768703,3.8395822048187256,0.03896103896103896
519,3.8765721718470254,0.059178358843537414,3.939692497253418,0.05194805194805195
520,3.885464866956075,0.033349277210884355,3.849630355834961,0.03896103896103896
521,3.8800187508265176,0.05237563775510204,3.898555278778076,0.0
522,3.887303948402405,0.041958971088435375,3.921649932861328,0.025974025974025976
523,3.8996387322743735,0.034146471088435375,3.921121597290039,0.03896103896103896
524,3.890273173650106,0.04825680272108843,3.903001308441162,0.012987012987012988
525,3.8490995168685913,0.049771471088435375,3.9064712524414062,0.05194805194805195
526,3.854960560798645,0.045865221088435375,3.8442940711975098,0.06493506493506493
527,3.8935146729151406,0.034651360544217684,3.9140756130218506,0.012987012987012988
528,3.9084335962931314,0.03834502551020408,3.8715150356292725,0.012987012987012988
529,3.8930545647939048,0.03595344387755102,3.8869071006774902,0.025974025974025976
530,3.8913071950276694,0.041958971088435375,3.844637870788574,0.025974025974025976
531,3.8992656469345093,0.028645833333333332,3.9040539264678955,0.025974025974025976
532,3.888571302096049,0.039354804421768703,3.947986602783203,0.0
533,3.8825893799463906,0.050568664965986394,3.8916561603546143,0.025974025974025976
534,3.860533912976583,0.04015199829931973,3.8717477321624756,0.05194805194805195
535,3.877912720044454,0.053172831632653066,3.8385086059570312,0.07792207792207792
536,3.8918691078821817,0.03595344387755102,3.9491193294525146,0.0
537,3.875970204671224,0.04876169217687074,3.865170478820801,0.025974025974025976
538,3.8885246912638345,0.038557610544217684,3.8881871700286865,0.012987012987012988
539,3.885201613108317,0.045068027210884355,3.9318172931671143,0.025974025974025976
540,3.888633131980896,0.043765943877551026,3.9041221141815186,0.025974025974025976
541,3.871870001157125,0.042756164965986394,3.8685429096221924,0.025974025974025976
542,3.873194853464762,0.042756164965986394,3.875499725341797,0.025974025974025976
543,3.876668334007263,0.049771471088435375,3.887568950653076,0.05194805194805195
544,3.8933563232421875,0.045865221088435375,3.9047129154205322,0.025974025974025976
545,3.8852229515711465,0.037255527210884355,3.9580423831939697,0.025974025974025976
546,3.884972095489502,0.04456313775510204,3.8844759464263916,0.0
547,3.8892680406570435,0.04246386054421769,3.9273884296417236,0.025974025974025976
548,3.868374745051066,0.04456313775510204,3.9040935039520264,0.05194805194805195
549,3.8537379105885825,0.043261054421768703,3.894850254058838,0.025974025974025976
550,3.8622454404830933,0.043553358843537414,3.952181816101074,0.025974025974025976
551,3.8777867952982583,0.054474914965986394,3.905660629272461,0.03896103896103896
552,3.893641153971354,0.04405824829931973,3.8521769046783447,0.025974025974025976
553,3.8909258445103965,0.029735331632653062,3.968644857406616,0.012987012987012988
554,3.886298338572184,0.04225127551020408,3.9243195056915283,0.03896103896103896
555,3.8659127950668335,0.047751913265306124,3.8912808895111084,0.05194805194805195
556,3.8460737069447837,0.041161777210884355,3.9595987796783447,0.025974025974025976
557,3.9007044235865274,0.026838860544217687,3.80810546875,0.025974025974025976
558,3.8682636817296348,0.05577699829931973,3.9055604934692383,0.03896103896103896
559,3.895492156346639,0.04225127551020408,3.879591941833496,0.03896103896103896
560,3.8825018405914307,0.038557610544217684,3.863260269165039,0.025974025974025976
561,3.890307585398356,0.051365858843537414,3.889568328857422,0.025974025974025976
562,3.875547726949056,0.04296875,3.8508059978485107,0.025974025974025976
563,3.887302279472351,0.030745110544217687,3.9201223850250244,0.03896103896103896
564,3.9000757137934365,0.038557610544217684,3.875396251678467,0.025974025974025976
565,3.8845746517181396,0.041454081632653066,3.8835699558258057,0.025974025974025976
566,3.89986260732015,0.043261054421768703,3.902926445007324,0.012987012987012988
567,3.856619675954183,0.040364583333333336,3.9005613327026367,0.03896103896103896
568,3.896541953086853,0.03985969387755102,3.8929543495178223,0.025974025974025976
569,3.885956128438314,0.03024022108843537,3.926466226577759,0.025974025974025976
570,3.8945209980010986,0.04637011054421769,3.8877623081207275,0.03896103896103896
571,3.868147532145182,0.031542304421768703,3.8925039768218994,0.0
572,3.8706411918004355,0.050860969387755105,3.8650920391082764,0.03896103896103896
573,3.8659412463506064,0.051073554421768703,3.83394193649292,0.03896103896103896
574,3.8805005153020224,0.05397002551020408,3.9790446758270264,0.025974025974025976
575,3.8765867948532104,0.030745110544217687,3.9260756969451904,0.012987012987012988
576,3.8964772621790567,0.02814094387755102,3.8858602046966553,0.012987012987012988
577,3.872934103012085,0.034651360544217684,3.9339535236358643,0.012987012987012988
578,3.8779491583506265,0.04876169217687074,3.90488862991333,0.03896103896103896
579,3.8801501592000327,0.036458333333333336,3.954237461090088,0.025974025974025976
580,3.9029249350229898,0.04065688775510204,3.8659415245056152,0.03896103896103896
581,3.871356646219889,0.03515625,3.9349539279937744,0.012987012987012988
582,3.8484292030334473,0.035448554421768703,3.9632420539855957,0.012987012987012988
583,3.866284489631653,0.03985969387755102,3.8870694637298584,0.05194805194805195
584,3.8756117026011148,0.050568664965986394,3.8783557415008545,0.025974025974025976
585,3.879951238632202,0.04246386054421769,3.8795735836029053,0.012987012987012988
586,3.871041178703308,0.030745110544217687,3.9737584590911865,0.012987012987012988
587,3.9092768828074136,0.020833333333333332,3.948978900909424,0.03896103896103896
588,3.9029516776402793,0.057079081632653066,3.856205940246582,0.025974025974025976
589,3.8758397897084556,0.038052721088435375,3.9193594455718994,0.06493506493506493
590,3.8846311966578164,0.03675063775510204,3.8296539783477783,0.025974025974025976
591,3.8952720562616983,0.03624574829931973,3.859994411468506,0.012987012987012988
592,3.8650087118148804,0.047167304421768703,3.908597469329834,0.03896103896103896
593,3.857610821723938,0.046954719387755105,3.919039726257324,0.012987012987012988
594,3.864779551823934,0.041958971088435375,3.94451904296875,0.05194805194805195
595,3.8867925802866616,0.041958971088435375,3.961299419403076,0.03896103896103896
596,3.861059546470642,0.047459608843537414,3.9147355556488037,0.025974025974025976
597,3.881722410519918,0.036458333333333336,3.8578684329986572,0.03896103896103896
598,3.8679521878560386,0.04905399659863946,3.8780415058135986,0.025974025974025976
599,3.873557209968567,0.045865221088435375,3.902160167694092,0.025974025974025976
600,3.891465942064921,0.03985969387755102,3.900890827178955,0.025974025974025976
601,3.8670887549718223,0.04615752551020408,3.8850479125976562,0.012987012987012988
602,3.8659804264704385,0.055272108843537414,3.931779623031616,0.012987012987012988
603,3.8397251764933267,0.038052721088435375,3.8487508296966553,0.025974025974025976
604,3.8699581623077393,0.04225127551020408,3.9224750995635986,0.0
605,3.877920389175415,0.038052721088435375,3.8719232082366943,0.025974025974025976
606,3.880432645479838,0.032552083333333336,3.879941463470459,0.025974025974025976
607,3.8707961638768515,0.041454081632653066,3.8296453952789307,0.03896103896103896
608,3.850769877433777,0.050568664965986394,3.874899387359619,0.03896103896103896
609,3.8771857420603433,0.047167304421768703,3.9266726970672607,0.012987012987012988
610,3.890213131904602,0.03204719387755102,3.8241498470306396,0.06493506493506493
611,3.8727715412775674,0.04405824829931973,3.913388729095459,0.012987012987012988
612,3.914787689844767,0.054979804421768703,3.9234213829040527,0.012987012987012988
613,3.8504128058751426,0.05418261054421769,3.88620662689209,0.012987012987012988
614,3.8559171756108603,0.054979804421768703,3.9221420288085938,0.025974025974025976
615,3.9098753531773887,0.037547831632653066,3.8400795459747314,0.03896103896103896
616,3.90886918703715,0.034651360544217684,3.9516422748565674,0.025974025974025976
617,3.87471075852712,0.033349277210884355,3.8789379596710205,0.012987012987012988
618,3.8733579317728677,0.037255527210884355,3.8904521465301514,0.03896103896103896
619,3.867091099421183,0.06048044217687074,3.885011672973633,0.025974025974025976
620,3.873188296953837,0.041161777210884355,3.8229925632476807,0.025974025974025976
621,3.890934427579244,0.041161777210884355,3.8671164512634277,0.025974025974025976
622,3.9416361649831138,0.026041666666666668,3.876021385192871,0.025974025974025976
623,3.863681753476461,0.055272108843537414,3.890282154083252,0.012987012987012988
624,3.8810348908106485,0.05787627551020408,3.9065568447113037,0.03896103896103896
625,3.887373685836792,0.042756164965986394,3.943861246109009,0.012987012987012988
626,3.8778096040089927,0.03595344387755102,3.9162886142730713,0.012987012987012988
627,3.8445685704549155,0.043048469387755105,3.947460651397705,0.012987012987012988
628,3.860041777292887,0.06388180272108844,3.861316204071045,0.012987012987012988
629,3.860573689142863,0.04405824829931973,3.8678839206695557,0.05194805194805195
630,3.8780809243520102,0.037255527210884355,3.894242763519287,0.05194805194805195
631,3.8654386599858603,0.041161777210884355,3.851820230484009,0.025974025974025976
632,3.875595490137736,0.04796449829931973,3.911728858947754,0.012987012987012988
633,3.8827051321665444,0.04246386054421769,3.9125418663024902,0.03896103896103896
634,3.8972105582555137,0.04246386054421769,3.9118752479553223,0.03896103896103896
635,3.857072114944458,0.032552083333333336,3.9820005893707275,0.025974025974025976
636,3.88509734471639,0.038557610544217684,3.8434712886810303,0.05194805194805195
637,3.8783794244130454,0.03985969387755102,3.9485738277435303,0.025974025974025976
638,3.8879668712615967,0.02814094387755102,3.9706671237945557,0.025974025974025976
639,3.9530782302220664,0.037760416666666664,3.9383397102355957,0.025974025974025976
640,3.8684545358022056,0.04065688775510204,3.8789117336273193,0.012987012987012988
641,3.8722490469614663,0.038557610544217684,3.9129984378814697,0.05194805194805195
642,3.908615787823995,0.038052721088435375,3.9438717365264893,0.03896103896103896
643,3.8580257097880044,0.041958971088435375,3.8456008434295654,0.03896103896103896
644,3.884267528851827,0.04796449829931973,3.8264729976654053,0.012987012987012988
645,3.890990654627482,0.037760416666666664,3.9530763626098633,0.025974025974025976
646,3.878100633621216,0.03675063775510204,3.9274063110351562,0.025974025974025976
647,3.8704620997111,0.04615752551020408,3.8238344192504883,0.05194805194805195
648,3.8784664471944175,0.03675063775510204,3.805172920227051,0.03896103896103896
649,3.8454699913660684,0.04065688775510204,3.8611109256744385,0.07792207792207792
650,3.890545209248861,0.02814094387755102,3.8605663776397705,0.0
651,3.876234769821167,0.038849914965986394,3.8896448612213135,0.0
652,3.8856376806894937,0.03985969387755102,3.9741084575653076,0.025974025974025976
653,3.882641911506653,0.047672193877551026,3.9180095195770264,0.0
654,3.91413942972819,0.026838860544217687,3.983351230621338,0.03896103896103896
655,3.900155862172445,0.04246386054421769,3.904933452606201,0.0
656,3.890704949696859,0.026041666666666668,3.890284538269043,0.025974025974025976
657,3.903251528739929,0.03985969387755102,3.9298095703125,0.012987012987012988
658,3.891840140024821,0.03624574829931973,3.860269546508789,0.05194805194805195
659,3.8440943559010825,0.055484693877551026,3.908491611480713,0.025974025974025976
660,3.8719340562820435,0.034146471088435375,3.8874194622039795,0.09090909090909091
661,3.907733678817749,0.037547831632653066,3.9219517707824707,0.025974025974025976
662,3.897910197575887,0.041958971088435375,3.9022862911224365,0.03896103896103896
663,3.863017519315084,0.04876169217687074,3.899949550628662,0.012987012987012988
664,3.856886068979899,0.046662414965986394,3.8743538856506348,0.025974025974025976
665,3.854994853337606,0.04615752551020408,3.9599201679229736,0.0
666,3.8911922375361123,0.04015199829931973,3.89024019241333,0.0
667,3.8591678937276206,0.038052721088435375,3.872321128845215,0.012987012987012988
668,3.888818144798279,0.03125,3.9913957118988037,0.025974025974025976
669,3.8973426024119058,0.045572916666666664,3.961848258972168,0.025974025974025976
670,3.8774524132410684,0.034146471088435375,3.91227388381958,0.012987012987012988
671,3.879171888033549,0.04246386054421769,3.9291112422943115,0.0
672,3.8383477131525674,0.046662414965986394,3.8687691688537598,0.025974025974025976
673,3.8551650047302246,0.038557610544217684,3.977786064147949,0.012987012987012988
674,3.8635596434275308,0.041454081632653066,3.9127471446990967,0.025974025974025976
675,3.8959691921869912,0.03204719387755102,3.931948184967041,0.025974025974025976
676,3.902839779853821,0.029443027210884352,3.8788554668426514,0.03896103896103896
677,3.8824264208475747,0.035448554421768703,3.8992056846618652,0.025974025974025976
678,3.8697246313095093,0.041958971088435375,3.8772337436676025,0.03896103896103896
679,3.8896992603937783,0.02814094387755102,3.904597282409668,0.012987012987012988
680,3.9013808965682983,0.055484693877551026,3.9064247608184814,0.012987012987012988
681,3.8698241313298545,0.03985969387755102,3.8571221828460693,0.025974025974025976
682,3.882225592931112,0.03024022108843537,3.908827304840088,0.012987012987012988
683,3.869501074155172,0.03595344387755102,3.9211032390594482,0.025974025974025976
684,3.883731206258138,0.042756164965986394,3.914466381072998,0.03896103896103896
685,3.8975796699523926,0.04015199829931973,3.86624813079834,0.05194805194805195
686,3.900674819946289,0.042756164965986394,3.8715527057647705,0.025974025974025976
687,3.887827237447103,0.033641581632653066,3.8147027492523193,0.012987012987012988
688,3.8693862358729043,0.04615752551020408,3.957575798034668,0.03896103896103896
689,3.8755246798197427,0.03204719387755102,3.94925594329834,0.012987012987012988
690,3.8722203175226846,0.034146471088435375,3.9066874980926514,0.05194805194805195
691,3.8894702990849814,0.04094919217687074,3.929586410522461,0.0
692,3.8747549454371133,0.046662414965986394,3.976982593536377,0.025974025974025976
693,3.8660696744918823,0.039354804421768703,3.942819595336914,0.0
694,3.8908020655314126,0.051578443877551026,3.9893345832824707,0.0
695,3.8495737314224243,0.05397002551020408,3.870471477508545,0.05194805194805195
696,3.872114380200704,0.045068027210884355,3.833017349243164,0.0
697,3.8628417253494263,0.06417410714285714,3.927720069885254,0.0
698,3.8734290997187295,0.055272108843537414,3.962258815765381,0.025974025974025976
699,3.8560558954874673,0.050568664965986394,3.826429605484009,0.05194805194805195
700,3.8571855624516806,0.054474914965986394,3.888718605041504,0.06493506493506493
701,3.869344790776571,0.04296875,3.8655688762664795,0.0
702,3.8789159059524536,0.04876169217687074,3.88576078414917,0.012987012987012988
703,3.893694003423055,0.043765943877551026,3.8575937747955322,0.025974025974025976
704,3.868801236152649,0.04456313775510204,3.8585827350616455,0.0
705,3.8428636391957602,0.04065688775510204,3.9460947513580322,0.03896103896103896
706,3.887665271759033,0.045360331632653066,3.918262004852295,0.025974025974025976
707,3.885287324587504,0.037255527210884355,3.8760783672332764,0.012987012987012988
708,3.903015414873759,0.034146471088435375,3.886521339416504,0.025974025974025976
709,3.9181679487228394,0.03595344387755102,3.8730342388153076,0.05194805194805195
710,3.9033029476801553,0.054474914965986394,3.9152579307556152,0.0
711,3.912834366162618,0.034146471088435375,3.898833751678467,0.025974025974025976
712,3.8955758015314736,0.03284438775510204,3.9469680786132812,0.0
713,3.8943496545155845,0.051365858843537414,3.9366142749786377,0.012987012987012988
714,3.906824747721354,0.038052721088435375,3.8897383213043213,0.025974025974025976
715,3.8894304434458413,0.037255527210884355,3.8914172649383545,0.05194805194805195
716,3.8793293237686157,0.041958971088435375,3.8705384731292725,0.06493506493506493
717,3.890986919403076,0.04637011054421769,3.8878467082977295,0.025974025974025976
718,3.8903202613194785,0.033854166666666664,3.818558692932129,0.03896103896103896
719,3.900136669476827,0.030745110544217687,3.8990886211395264,0.05194805194805195
720,3.896727681159973,0.037255527210884355,3.8684303760528564,0.012987012987012988
721,3.8952043056488037,0.033854166666666664,3.8522191047668457,0.06493506493506493
722,3.875740925470988,0.049771471088435375,3.9022743701934814,0.025974025974025976
723,3.8596156438191733,0.043261054421768703,3.8912980556488037,0.025974025974025976
724,3.8361565669377646,0.051073554421768703,3.9179937839508057,0.025974025974025976
725,3.886008540789286,0.04456313775510204,3.800647735595703,0.0
726,3.916035771369934,0.052880527210884355,3.9905917644500732,0.012987012987012988
727,3.8718796571095786,0.044270833333333336,3.883077621459961,0.05194805194805195
728,3.8904722929000854,0.037255527210884355,3.91774845123291,0.025974025974025976
729,3.898521661758423,0.038557610544217684,3.8773624897003174,0.025974025974025976
730,3.871660510698954,0.046662414965986394,3.916687488555908,0.025974025974025976
731,3.8873331944147744,0.041161777210884355,3.875659942626953,0.025974025974025976
732,3.8820950190226235,0.037255527210884355,4.018595218658447,0.0
733,3.866030693054199,0.04065688775510204,3.8157095909118652,0.03896103896103896
734,3.875882148742676,0.045360331632653066,3.958354949951172,0.025974025974025976
735,3.888147155443827,0.038557610544217684,3.910966634750366,0.025974025974025976
736,3.8760050535202026,0.037760416666666664,3.888350486755371,0.012987012987012988
737,3.8779373168945312,0.048974277210884355,3.8708083629608154,0.07792207792207792
738,3.8749404350916543,0.03284438775510204,3.8805720806121826,0.05194805194805195
739,3.850339690844218,0.04246386054421769,3.9273369312286377,0.025974025974025976
740,3.8812461694081626,0.043765943877551026,3.900090217590332,0.025974025974025976
741,3.910726030667623,0.04615752551020408,3.942570209503174,0.0
742,3.8665770292282104,0.051658163265306124,3.860464096069336,0.012987012987012988
743,3.8701654275258384,0.050860969387755105,3.863600730895996,0.012987012987012988
744,3.8603854974110923,0.041958971088435375,3.9119760990142822,0.012987012987012988
745,3.8825493653615317,0.05346513605442177,3.818650245666504,0.03896103896103896
746,3.872014045715332,0.038052721088435375,3.935749053955078,0.012987012987012988
747,3.8805965979894004,0.042756164965986394,3.8901822566986084,0.05194805194805195
748,3.876180648803711,0.04065688775510204,3.955780506134033,0.012987012987012988
749,3.8674900929133096,0.050568664965986394,3.8985085487365723,0.0
750,3.8772637446721396,0.046662414965986394,3.8183176517486572,0.03896103896103896
751,3.866396347681681,0.041454081632653066,3.9243271350860596,0.0
752,3.8564284245173135,0.045068027210884355,3.8726160526275635,0.03896103896103896
753,3.870844006538391,0.050568664965986394,3.832058906555176,0.03896103896103896
754,3.880884567896525,0.04876169217687074,3.849862575531006,0.025974025974025976
755,3.8649588028589883,0.034651360544217684,3.8445780277252197,0.03896103896103896
756,3.891620318094889,0.039354804421768703,3.824146270751953,0.012987012987012988
757,3.8800070683161416,0.04796449829931973,3.9227805137634277,0.03896103896103896
758,3.859529892603556,0.039354804421768703,3.876127243041992,0.012987012987012988
759,3.903651754061381,0.041161777210884355,3.884018898010254,0.05194805194805195
760,3.8512627283732095,0.046662414965986394,3.952861785888672,0.05194805194805195
761,3.8711334466934204,0.032552083333333336,3.8170130252838135,0.025974025974025976
762,3.8953227599461875,0.028645833333333332,3.931757926940918,0.07792207792207792
763,3.871330181757609,0.038052721088435375,3.9351918697357178,0.012987012987012988
764,3.881008505821228,0.037547831632653066,3.967249870300293,0.012987012987012988
765,3.8755871057510376,0.039354804421768703,3.888009548187256,0.025974025974025976
766,3.88136887550354,0.030745110544217687,3.9040911197662354,0.03896103896103896
767,3.882807652155558,0.04296875,3.91348934173584,0.05194805194805195
768,3.8390778303146362,0.06156994047619047,3.7727787494659424,0.05194805194805195
769,3.887007395426432,0.03284438775510204,3.9209706783294678,0.03896103896103896
770,3.864125370979309,0.054767219387755105,3.8855884075164795,0.012987012987012988
771,3.866425077120463,0.06127763605442177,3.9120352268218994,0.012987012987012988
772,3.88729198773702,0.034651360544217684,3.8789546489715576,0.0
773,3.8809739351272583,0.058381164965986394,3.9407689571380615,0.03896103896103896
774,3.907565951347351,0.04094919217687074,3.8385093212127686,0.025974025974025976
775,3.883489966392517,0.03624574829931973,3.920335292816162,0.03896103896103896
776,3.8608225186665854,0.045865221088435375,3.8874170780181885,0.06493506493506493
777,3.863617499669393,0.038849914965986394,3.7818520069122314,0.025974025974025976
778,3.88739804426829,0.037255527210884355,3.9446053504943848,0.012987012987012988
779,3.8813491264979043,0.05078125,3.8912100791931152,0.025974025974025976
780,3.891410231590271,0.037760416666666664,3.8856923580169678,0.05194805194805195
781,3.8809330066045127,0.034651360544217684,3.8608295917510986,0.0
782,3.8723217248916626,0.05006377551020408,3.89094877243042,0.03896103896103896
783,3.8785128196080527,0.03624574829931973,3.8837406635284424,0.012987012987012988
784,3.8662503560384116,0.04435055272108843,3.8124659061431885,0.0
785,3.883741617202759,0.039354804421768703,3.969198226928711,0.03896103896103896
786,3.894864320755005,0.05859375,3.864546060562134,0.025974025974025976
787,3.8811405102411904,0.03595344387755102,3.9042766094207764,0.025974025974025976
788,3.881538152694702,0.04015199829931973,3.8989384174346924,0.012987012987012988
789,3.884226361910502,0.047167304421768703,3.86964750289917,0.06493506493506493
790,3.8740658362706504,0.043261054421768703,3.952889919281006,0.03896103896103896
791,3.8669488430023193,0.037255527210884355,3.8943967819213867,0.012987012987012988
792,3.870739499727885,0.05187074829931973,3.8540256023406982,0.05194805194805195
793,3.882228453954061,0.04065688775510204,3.8555843830108643,0.03896103896103896
794,3.885072708129883,0.037547831632653066,3.790393829345703,0.03896103896103896
795,3.8769118388493857,0.038052721088435375,3.9234893321990967,0.05194805194805195
796,3.8760069608688354,0.060985331632653066,3.9515774250030518,0.0
797,3.860707720120748,0.05606930272108843,3.835526943206787,0.05194805194805195
798,3.8715803225835166,0.03284438775510204,3.888570785522461,0.012987012987012988
799,3.8804213603337607,0.034146471088435375,3.9790115356445312,0.0
800,3.8808476527531943,0.03204719387755102,3.915889263153076,0.05194805194805195
801,3.8530961672465005,0.04485544217687074,3.970754623413086,0.012987012987012988
802,3.8860134283701577,0.03515625,3.8737456798553467,0.012987012987012988
803,3.9017413854599,0.03204719387755102,3.901353597640991,0.025974025974025976
804,3.879111568133036,0.04246386054421769,3.9153671264648438,0.012987012987012988
805,3.882621089617411,0.037760416666666664,3.8708674907684326,0.012987012987012988
806,3.8746599356333413,0.03595344387755102,3.915778636932373,0.012987012987012988
807,3.8902883927027383,0.044270833333333336,3.8630287647247314,0.025974025974025976
808,3.8643338282903037,0.050568664965986394,3.812744140625,0.05194805194805195
809,3.8669658104578652,0.04246386054421769,3.9151761531829834,0.012987012987012988
810,3.8831803798675537,0.041958971088435375,3.934919595718384,0.012987012987012988
811,3.889134248097738,0.037547831632653066,3.923553466796875,0.025974025974025976
812,3.9077722231547036,0.041161777210884355,3.9562270641326904,0.025974025974025976
813,3.8574521938959756,0.041161777210884355,3.893366813659668,0.012987012987012988
814,3.888879100481669,0.035448554421768703,3.9249660968780518,0.012987012987012988
815,3.8910145362218223,0.037547831632653066,3.974522590637207,0.025974025974025976
816,3.8889698584874473,0.04456313775510204,3.8956058025360107,0.03896103896103896
817,3.8715651830037436,0.03675063775510204,3.8977458477020264,0.025974025974025976
818,3.874389171600342,0.04094919217687074,3.8864285945892334,0.0
819,3.8740743001302085,0.045572916666666664,3.9318454265594482,0.012987012987012988
820,3.8782397905985513,0.041958971088435375,3.908764362335205,0.025974025974025976
821,3.87738835811615,0.05006377551020408,3.9511983394622803,0.012987012987012988
822,3.871074398358663,0.030745110544217687,3.907536029815674,0.0
823,3.893863240877787,0.03125,3.9256560802459717,0.025974025974025976
824,3.8938037157058716,0.037760416666666664,3.9074454307556152,0.012987012987012988
825,3.8668227593104043,0.041161777210884355,3.9214353561401367,0.03896103896103896
826,3.8525705337524414,0.039647108843537414,3.8613603115081787,0.05194805194805195
827,3.918574253718058,0.026838860544217687,3.9052979946136475,0.025974025974025976
828,3.90569802125295,0.04246386054421769,3.8788058757781982,0.025974025974025976
829,3.8956554333368936,0.0234375,3.8696095943450928,0.03896103896103896
830,3.8857125838597617,0.03675063775510204,3.8802316188812256,0.025974025974025976
831,3.888743003209432,0.03204719387755102,3.895792007446289,0.012987012987012988
832,3.882377584775289,0.03125,3.835958480834961,0.025974025974025976
833,3.873211979866028,0.04065688775510204,3.8903510570526123,0.025974025974025976
834,3.9052862326304116,0.03125,3.9233500957489014,0.03896103896103896
835,3.907432754834493,0.0390625,3.8875668048858643,0.03896103896103896
836,3.89294441541036,0.039354804421768703,3.8651649951934814,0.05194805194805195
837,3.8726663986841836,0.057079081632653066,3.894788980484009,0.025974025974025976
838,3.8655751943588257,0.038557610544217684,3.8748385906219482,0.03896103896103896
839,3.891717871030172,0.05657419217687074,3.86279296875,0.012987012987012988
840,3.8756388425827026,0.041958971088435375,3.939760684967041,0.03896103896103896
841,3.882761001586914,0.04846938775510204,3.928117275238037,0.012987012987012988
842,3.8571287790934243,0.047459608843537414,3.884246826171875,0.025974025974025976
843,3.873666206995646,0.04246386054421769,3.8660905361175537,0.025974025974025976
844,3.8657997449239097,0.04876169217687074,3.9867165088653564,0.012987012987012988
845,3.8943814436594644,0.030745110544217687,3.899488925933838,0.012987012987012988
846,3.875745495160421,0.035448554421768703,3.9170563220977783,0.03896103896103896
847,3.8779120445251465,0.04796449829931973,3.926934242248535,0.012987012987012988
848,3.8791157801946006,0.047459608843537414,3.8892290592193604,0.03896103896103896
849,3.881079912185669,0.03284438775510204,3.903534412384033,0.012987012987012988
850,3.889250953992208,0.02814094387755102,3.8238399028778076,0.05194805194805195
851,3.893090526262919,0.02423469387755102,3.860830307006836,0.03896103896103896
852,3.8576651016871133,0.045865221088435375,3.839515209197998,0.06493506493506493
853,3.886955221494039,0.032552083333333336,3.839344024658203,0.025974025974025976
854,3.910159468650818,0.036458333333333336,3.934107780456543,0.03896103896103896
855,3.900175134340922,0.02423469387755102,3.8499386310577393,0.0
856,3.8850704034169516,0.035448554421768703,3.875959873199463,0.05194805194805195
857,3.8869498570760093,0.049266581632653066,3.9218194484710693,0.025974025974025976
858,3.875041047732035,0.04246386054421769,3.9623265266418457,0.03896103896103896
859,3.901032050450643,0.039354804421768703,3.9081389904022217,0.05194805194805195
860,3.8509379625320435,0.04246386054421769,3.819979190826416,0.03896103896103896
861,3.8724210262298584,0.035448554421768703,3.8113901615142822,0.05194805194805195
862,3.866123636563619,0.02734375,3.928622245788574,0.03896103896103896
863,3.8543740113576255,0.04565263605442177,3.8884356021881104,0.025974025974025976
864,3.8956435124079385,0.041161777210884355,3.8607003688812256,0.0
865,3.898790717124939,0.033349277210884355,3.889616012573242,0.025974025974025976
866,3.882691423098246,0.04615752551020408,3.9535744190216064,0.025974025974025976
867,3.8598087628682456,0.04637011054421769,3.8784914016723633,0.05194805194805195
868,3.8970439036687217,0.033349277210884355,3.844738483428955,0.05194805194805195
869,3.860179901123047,0.041958971088435375,3.9006240367889404,0.025974025974025976
870,3.894810914993286,0.039354804421768703,3.8764946460723877,0.0
871,3.8905641237894693,0.034651360544217684,3.85391902923584,0.025974025974025976
872,3.8613871335983276,0.035448554421768703,3.8938417434692383,0.012987012987012988
873,3.8810017903645835,0.04796449829931973,3.847933292388916,0.012987012987012988
874,3.856635411580404,0.043261054421768703,3.911909580230713,0.025974025974025976
875,3.871742089589437,0.048177083333333336,3.8792812824249268,0.025974025974025976
876,3.886756420135498,0.045068027210884355,3.883693218231201,0.07792207792207792
877,3.908292293548584,0.03985969387755102,3.8724420070648193,0.025974025974025976
878,3.883615771929423,0.037760416666666664,3.843657970428467,0.03896103896103896
879,3.870683789253235,0.038557610544217684,3.9019439220428467,0.0
880,3.8823437690734863,0.04796449829931973,3.956806182861328,0.012987012987012988
881,3.8648871580759683,0.038557610544217684,3.8605759143829346,0.07792207792207792
882,3.9069433212280273,0.038052721088435375,3.8990941047668457,0.0
883,3.8842188517252603,0.04296875,3.9002277851104736,0.012987012987012988
884,3.86735200881958,0.03985969387755102,3.838432788848877,0.05194805194805195
885,3.87697962919871,0.034146471088435375,3.9539010524749756,0.0
886,3.884140133857727,0.041666666666666664,3.9467461109161377,0.025974025974025976
887,3.87909734249115,0.03595344387755102,3.9277524948120117,0.012987012987012988
888,3.8858617146809897,0.034651360544217684,3.9506871700286865,0.06493506493506493
889,3.867357015609741,0.04296875,3.927908420562744,0.012987012987012988
890,3.8728204568227134,0.039354804421768703,3.8355557918548584,0.0
891,3.8999378283818564,0.029947916666666668,3.9323642253875732,0.012987012987012988
892,3.880281090736389,0.041454081632653066,3.8855960369110107,0.012987012987012988
893,3.89247989654541,0.04846938775510204,3.9131295680999756,0.0
894,3.905562440554301,0.047672193877551026,3.9298512935638428,0.025974025974025976
895,3.905014673868815,0.03595344387755102,3.9567763805389404,0.025974025974025976
896,3.9009169340133667,0.034651360544217684,3.9186782836914062,0.025974025974025976
897,3.8855380614598594,0.02503188775510204,3.9091694355010986,0.012987012987012988
898,3.905557632446289,0.040364583333333336,3.895073413848877,0.025974025974025976
899,3.893243948618571,0.038557610544217684,4.009929180145264,0.0
900,3.8811561266581216,0.032552083333333336,3.9120962619781494,0.025974025974025976
901,3.868000030517578,0.038052721088435375,3.9070992469787598,0.03896103896103896
902,3.891226132710775,0.037255527210884355,3.848313331604004,0.06493506493506493
903,3.869178215662638,0.039354804421768703,3.926961898803711,0.03896103896103896
904,3.8672300974527993,0.050860969387755105,3.911500930786133,0.025974025974025976
905,3.8493942817052207,0.04825680272108843,3.9132015705108643,0.012987012987012988
906,3.8809537490208945,0.04637011054421769,3.899155616760254,0.03896103896103896
907,3.8745017846425376,0.038557610544217684,3.9109747409820557,0.03896103896103896
908,3.8761417468388877,0.041454081632653066,3.920853614807129,0.012987012987012988
909,3.8299251397450766,0.05187074829931973,3.8171565532684326,0.012987012987012988
910,3.8720295826594033,0.042756164965986394,3.7805869579315186,0.03896103896103896
911,3.8676061630249023,0.051365858843537414,3.895341634750366,0.0
912,3.887452006340027,0.04065688775510204,3.855473041534424,0.03896103896103896
913,3.8820937871932983,0.050568664965986394,3.947126626968384,0.025974025974025976
914,3.900486866633097,0.041161777210884355,3.9449832439422607,0.05194805194805195
915,3.894896308581034,0.051365858843537414,3.9570868015289307,0.012987012987012988
916,3.8695428371429443,0.049266581632653066,3.894517660140991,0.03896103896103896
917,3.8789864778518677,0.033854166666666664,3.8518612384796143,0.025974025974025976
918,3.897768417994181,0.02734375,3.9084689617156982,0.012987012987012988
919,3.8877489964167276,0.034651360544217684,3.880368709564209,0.012987012987012988
920,3.8549960056940713,0.04846938775510204,3.8280422687530518,0.05194805194805195
921,3.892586628595988,0.041454081632653066,3.8394949436187744,0.025974025974025976
922,3.8732875982920327,0.03624574829931973,3.942861557006836,0.012987012987012988
923,3.8644657532374063,0.051365858843537414,3.887084484100342,0.03896103896103896
924,3.8691561222076416,0.04015199829931973,3.9744112491607666,0.025974025974025976
925,3.883623957633972,0.045360331632653066,3.9147469997406006,0.025974025974025976
926,3.9020508527755737,0.037547831632653066,3.963895320892334,0.025974025974025976
927,3.880530754725138,0.04615752551020408,3.8983681201934814,0.03896103896103896
928,3.8881222009658813,0.04637011054421769,3.885601043701172,0.012987012987012988
929,3.865911364555359,0.04405824829931973,3.840738296508789,0.05194805194805195
930,3.8678636153539023,0.04015199829931973,3.8406851291656494,0.03896103896103896
931,3.8795701265335083,0.043765943877551026,3.848936080932617,0.012987012987012988
932,3.884615739186605,0.04065688775510204,3.8732354640960693,0.03896103896103896
933,3.848935087521871,0.038557610544217684,3.9551775455474854,0.05194805194805195
934,3.9032331705093384,0.035448554421768703,3.9316532611846924,0.03896103896103896
935,3.8804539839426675,0.051365858843537414,3.841224193572998,0.06493506493506493
936,3.8664533694585166,0.045865221088435375,3.8973569869995117,0.03896103896103896
937,3.865208069483439,0.049771471088435375,3.89449405670166,0.025974025974025976
938,3.8497031132380166,0.038052721088435375,3.831726551055908,0.025974025974025976
939,3.897865136464437,0.043765943877551026,3.899631977081299,0.012987012987012988
940,3.8661265770594277,0.04456313775510204,3.893791675567627,0.012987012987012988
941,3.8924403190612793,0.039354804421768703,3.8920106887817383,0.0
942,3.8677320082982383,0.024739583333333332,3.925690174102783,0.03896103896103896
943,3.900019367535909,0.03675063775510204,3.8458054065704346,0.025974025974025976
944,3.8650148709615073,0.049266581632653066,3.894378185272217,0.012987012987012988
945,3.8650328318277993,0.04456313775510204,3.9791159629821777,0.012987012987012988
946,3.866939067840576,0.05006377551020408,3.9305367469787598,0.025974025974025976
947,3.8632091283798218,0.033349277210884355,3.9258153438568115,0.0
948,3.8764008283615112,0.045865221088435375,3.894138813018799,0.012987012987012988
949,3.857803781827291,0.04405824829931973,3.974339008331299,0.0
950,3.893788774808248,0.041161777210884355,3.7873940467834473,0.06493506493506493
951,3.875890374183655,0.043261054421768703,3.945580005645752,0.03896103896103896
952,3.8657339016596475,0.034651360544217684,3.8752634525299072,0.025974025974025976
953,3.8737698793411255,0.041454081632653066,3.9204022884368896,0.05194805194805195
954,3.8955599466959634,0.03284438775510204,3.841883659362793,0.025974025974025976
955,3.8944242795308432,0.03284438775510204,3.854067802429199,0.012987012987012988
956,3.9054340521494546,0.04065688775510204,3.8845036029815674,0.012987012987012988
957,3.876683513323466,0.038557610544217684,3.874660015106201,0.012987012987012988
958,3.871291915575663,0.038052721088435375,3.8762476444244385,0.03896103896103896
959,3.9083368380864463,0.030745110544217687,3.893831729888916,0.025974025974025976
960,3.8912729819615683,0.033349277210884355,3.8946115970611572,0.025974025974025976
961,3.883756677309672,0.039354804421768703,3.9046051502227783,0.012987012987012988
962,3.864118218421936,0.042756164965986394,3.9018661975860596,0.0
963,3.8689354260762534,0.04405824829931973,3.811861991882324,0.03896103896103896
964,3.904330770174662,0.037547831632653066,3.890974998474121,0.025974025974025976
965,3.86618173122406,0.038052721088435375,3.9396331310272217,0.012987012987012988
966,3.888309439023336,0.038849914965986394,3.8644611835479736,0.012987012987012988
967,3.909730911254883,0.033349277210884355,3.870636463165283,0.05194805194805195
968,3.8745431105295816,0.046662414965986394,3.8615286350250244,0.025974025974025976
969,3.8933796882629395,0.038557610544217684,3.9018912315368652,0.03896103896103896
970,3.899114449818929,0.043261054421768703,3.8458545207977295,0.03896103896103896
971,3.893249988555908,0.045360331632653066,3.9479033946990967,0.0
972,3.8869513670603433,0.041454081632653066,3.960940361022949,0.012987012987012988
973,3.8985668818155923,0.029947916666666668,3.893228054046631,0.05194805194805195
974,3.879290461540222,0.041161777210884355,3.8806309700012207,0.025974025974025976
975,3.865072329839071,0.053677721088435375,3.869175910949707,0.025974025974025976
976,3.897257924079895,0.032552083333333336,3.8737223148345947,0.012987012987012988
977,3.875735640525818,0.04246386054421769,3.816319465637207,0.03896103896103896
978,3.8963770866394043,0.037255527210884355,3.8798828125,0.025974025974025976
979,3.8505290349324546,0.05397002551020408,3.8516714572906494,0.03896103896103896
980,3.8999854723612466,0.030745110544217687,3.888434886932373,0.012987012987012988
981,3.876589775085449,0.054474914965986394,3.9139206409454346,0.012987012987012988
982,3.859490672747294,0.042756164965986394,3.9068362712860107,0.025974025974025976
983,3.8824808994928994,0.041958971088435375,3.947467803955078,0.012987012987012988
984,3.8742050329844155,0.03024022108843537,3.858459949493408,0.025974025974025976
985,3.8996636867523193,0.03595344387755102,3.865753650665283,0.012987012987012988
986,3.921303113301595,0.038849914965986394,3.891329288482666,0.025974025974025976
987,3.8827385107676187,0.039354804421768703,3.8481733798980713,0.025974025974025976
988,3.8788078228632608,0.04456313775510204,3.9105641841888428,0.025974025974025976
989,3.884453813234965,0.028645833333333332,3.9299991130828857,0.012987012987012988
990,3.91376793384552,0.043261054421768703,3.9401698112487793,0.0
991,3.8912488222122192,0.03595344387755102,3.874298095703125,0.025974025974025976
992,3.8856906493504844,0.030745110544217687,3.819065570831299,0.025974025974025976
993,3.9039158821105957,0.04637011054421769,3.9323172569274902,0.012987012987012988
994,3.890906492869059,0.043553358843537414,3.919210433959961,0.03896103896103896
995,3.907990574836731,0.04456313775510204,3.897428035736084,0.03896103896103896
996,3.8772356510162354,0.033349277210884355,3.8850557804107666,0.012987012987012988
997,3.870359778404236,0.05787627551020408,3.851478099822998,0.025974025974025976
998,3.884572982788086,0.030745110544217687,3.9571421146392822,0.0
999,3.8820900917053223,0.037547831632653066,3.928947925567627,0.025974025974025976
1000,3.8695477644602456,0.043261054421768703,3.8585259914398193,0.025974025974025976
